{
	"info": {
		"_postman_id": "70223b0d-d9e0-4c9c-adca-d0c700fdc253",
		"name": "EAAS - Marketplace",
		"schema": "https://schema.getpostman.com/json/collection/v2.1.0/collection.json",
		"_exporter_id": "20070689"
	},
	"item": [
		{
			"name": "User",
			"item": [
				{
					"name": "Create - Business",
					"request": {
						"auth": {
							"type": "basic",
							"basic": [
								{
									"key": "password",
									"value": "{{secret_key}}",
									"type": "string"
								},
								{
									"key": "username",
									"value": "{{access_key}}",
									"type": "string"
								}
							]
						},
						"method": "POST",
						"header": [],
						"body": {
							"mode": "raw",
							"raw": "{\n    \"email\": \"ansuraj+sandbox123@gmail.com\",\n    \"country\": \"IN\",\n    \"ind_bus_type\": \"Business\",\n    \"business_name\": \"TEST SANDBOX\",\n    \"contact_code\": \"+91\",\n    \"contact_number\": \"9999999999\",\n    \"partners_customer_id\": \"test-123\"\n}",
							"options": {
								"raw": {
									"language": "json"
								}
							}
						},
						"url": {
							"raw": "{{url}}/v1/user",
							"host": [
								"{{url}}"
							],
							"path": [
								"v1",
								"user"
							]
						}
					},
					"response": []
				},
				{
					"name": "Create - Individual",
					"request": {
						"auth": {
							"type": "basic",
							"basic": [
								{
									"key": "password",
									"value": "{{secret_key}}",
									"type": "string"
								},
								{
									"key": "username",
									"value": "{{access_key}}",
									"type": "string"
								}
							]
						},
						"method": "POST",
						"header": [],
						"body": {
							"mode": "raw",
							"raw": "{\n    \"email\": \"ansuraj+sandbox1234@gmail.com\",\n    \"country\": \"IN\",\n    \"ind_bus_type\": \"Individual\",\n    \"first_name\": \"Ansu\",\n    \"last_name\": \"K\",\n    \"contact_code\": \"+91\",\n    \"contact_number\": \"8888888888\",\n    \"partners_customer_id\": \"test-123\"\n}",
							"options": {
								"raw": {
									"language": "json"
								}
							}
						},
						"url": {
							"raw": "{{url}}/v1/user",
							"host": [
								"{{url}}"
							],
							"path": [
								"v1",
								"user"
							]
						}
					},
					"response": []
				},
				{
					"name": "Update - Business",
					"request": {
						"auth": {
							"type": "basic",
							"basic": [
								{
									"key": "password",
									"value": "{{secret_key}}",
									"type": "string"
								},
								{
									"key": "username",
									"value": "{{access_key}}",
									"type": "string"
								}
							]
						},
						"method": "PUT",
						"header": [],
						"body": {
							"mode": "raw",
							"raw": "{\n    \"account_id\": \"2134f050-fb9c-4f00-9c13-049c251224e3\",\n    \"business_name\": \"TEST SANDBOX2\",\n    \"contact_code\": \"+91\",\n    \"contact_number\": \"9999999998\"\n}",
							"options": {
								"raw": {
									"language": "json"
								}
							}
						},
						"url": {
							"raw": "{{url}}/v1/user",
							"host": [
								"{{url}}"
							],
							"path": [
								"v1",
								"user"
							]
						}
					},
					"response": []
				},
				{
					"name": "Update - Individual",
					"request": {
						"auth": {
							"type": "basic",
							"basic": [
								{
									"key": "password",
									"value": "{{secret_key}}",
									"type": "string"
								},
								{
									"key": "username",
									"value": "{{access_key}}",
									"type": "string"
								}
							]
						},
						"method": "PUT",
						"header": [],
						"body": {
							"mode": "raw",
							"raw": "{\n    \"account_id\": \"18e2f18c-1a46-487e-9dd7-da37b73ef8dd\",\n    \"first_name\": \"Ansuraj\",\n    \"last_name\": \"K\",\n    \"contact_code\": \"+91\",\n    \"contact_number\": \"8888888889\"\n}",
							"options": {
								"raw": {
									"language": "json"
								}
							}
						},
						"url": {
							"raw": "{{url}}/v1/user",
							"host": [
								"{{url}}"
							],
							"path": [
								"v1",
								"user"
							]
						}
					},
					"response": []
				},
				{
					"name": "Get by id",
					"request": {
						"auth": {
							"type": "basic",
							"basic": [
								{
									"key": "password",
									"value": "{{secret_key}}",
									"type": "string"
								},
								{
									"key": "username",
									"value": "{{access_key}}",
									"type": "string"
								}
							]
						},
						"method": "GET",
						"header": [],
						"url": {
							"raw": "{{url}}/v1/user/18e2f18c-1a46-487e-9dd7-da37b73ef8dd",
							"host": [
								"{{url}}"
							],
							"path": [
								"v1",
								"user",
								"18e2f18c-1a46-487e-9dd7-da37b73ef8dd"
							]
						}
					},
					"response": []
				},
				{
					"name": "Get by email",
					"request": {
						"auth": {
							"type": "basic",
							"basic": [
								{
									"key": "password",
									"value": "{{secret_key}}",
									"type": "string"
								},
								{
									"key": "username",
									"value": "{{access_key}}",
									"type": "string"
								}
							]
						},
						"method": "GET",
						"header": [
							{
								"key": "accesskey",
								"value": "{{access_key}}",
								"type": "text"
							},
							{
								"key": "signature",
								"value": "{{tazapay_signature}}",
								"type": "text"
							},
							{
								"key": "salt",
								"value": "{{tazapay_salt}}",
								"type": "text"
							},
							{
								"key": "timestamp",
								"value": "{{request_timestamp}}",
								"type": "text"
							}
						],
						"url": {
							"raw": "{{url}}/v1/user/ansuraj+sandbox123@gmail.com",
							"host": [
								"{{url}}"
							],
							"path": [
								"v1",
								"user",
								"ansuraj+sandbox123@gmail.com"
							]
						}
					},
					"response": []
				}
			]
		},
		{
			"name": "Metadata",
			"item": [
				{
					"name": "Country Config",
					"request": {
						"auth": {
							"type": "basic",
							"basic": [
								{
									"key": "password",
									"value": "{{secret_key}}",
									"type": "string"
								},
								{
									"key": "username",
									"value": "{{access_key}}",
									"type": "string"
								}
							]
						},
						"method": "GET",
						"header": [],
						"url": {
							"raw": "{{url}}/v1/metadata/countryconfig?country=SG",
							"host": [
								"{{url}}"
							],
							"path": [
								"v1",
								"metadata",
								"countryconfig"
							],
							"query": [
								{
									"key": "country",
									"value": "SG"
								}
							]
						}
					},
					"response": [
						{
							"name": "Country Config - SG",
							"originalRequest": {
								"method": "GET",
								"header": [
									{
										"key": "accesskey",
										"value": "{{access_key}}",
										"type": "text"
									},
									{
										"key": "signature",
										"value": "{{tazapay_signature}}",
										"type": "text"
									},
									{
										"key": "salt",
										"value": "{{tazapay_salt}}",
										"type": "text"
									},
									{
										"key": "timestamp",
										"value": "{{request_timestamp}}",
										"type": "text"
									}
								],
								"url": {
									"raw": "{{url}}/v1/metadata/countryconfig?country=SG",
									"host": [
										"{{url}}"
									],
									"path": [
										"v1",
										"metadata",
										"countryconfig"
									],
									"query": [
										{
											"key": "country",
											"value": "SG"
										}
									]
								}
							},
							"status": "OK",
							"code": 200,
							"_postman_previewlanguage": "json",
							"header": [
								{
									"key": "Content-Type",
									"value": "application/json"
								},
								{
									"key": "Content-Length",
									"value": "1117"
								},
								{
									"key": "Connection",
									"value": "keep-alive"
								},
								{
									"key": "Date",
									"value": "Wed, 24 Nov 2021 05:52:40 GMT"
								},
								{
									"key": "x-amzn-RequestId",
									"value": "9495d6b4-cb85-42d3-8b79-ff576c20ee1a"
								},
								{
									"key": "x-amz-apigw-id",
									"value": "JS3uaHIcyQ0Fkxw="
								},
								{
									"key": "Cache-Control",
									"value": "no-store, max-age=0"
								},
								{
									"key": "Vary",
									"value": "Origin"
								},
								{
									"key": "X-Amzn-Trace-Id",
									"value": "Root=1-619dd328-47dee7250c6b15186c36b4f4;Sampled=0"
								},
								{
									"key": "X-Cache",
									"value": "Miss from cloudfront"
								},
								{
									"key": "Via",
									"value": "1.1 6e2ed731c719076ef15104593fe6f44d.cloudfront.net (CloudFront)"
								},
								{
									"key": "X-Amz-Cf-Pop",
									"value": "MAA50-C2"
								},
								{
									"key": "X-Amz-Cf-Id",
									"value": "tD9qCVU2YjzSjbGtUXcvQJI6i71vY9kBDhIJfLA4TvJkgX2iR6PVhw=="
								}
							],
							"cookie": [],
							"body": "{\n    \"status\": \"success\",\n    \"data\": {\n        \"market_type\": \"both\",\n        \"buyer_countries\": [\n            \"AE\",\n            \"AR\",\n            \"AT\",\n            \"AU\",\n            \"BD\",\n            \"BE\",\n            \"BF\",\n            \"BG\",\n            \"BH\",\n            \"BN\",\n            \"BR\",\n            \"BW\",\n            \"CA\",\n            \"CH\",\n            \"CI\",\n            \"CL\",\n            \"CM\",\n            \"CN\",\n            \"CO\",\n            \"CY\",\n            \"CZ\",\n            \"DE\",\n            \"DK\",\n            \"DZ\",\n            \"EE\",\n            \"EG\",\n            \"ES\",\n            \"ET\",\n            \"FI\",\n            \"FJ\",\n            \"FR\",\n            \"GA\",\n            \"GB\",\n            \"GH\",\n            \"GM\",\n            \"GQ\",\n            \"GR\",\n            \"HK\",\n            \"HR\",\n            \"HU\",\n            \"ID\",\n            \"IE\",\n            \"IL\",\n            \"IN\",\n            \"IS\",\n            \"IT\",\n            \"JO\",\n            \"JP\",\n            \"KE\",\n            \"KG\",\n            \"KH\",\n            \"KR\",\n            \"KW\",\n            \"KZ\",\n            \"LI\",\n            \"LK\",\n            \"LT\",\n            \"LU\",\n            \"LV\",\n            \"MA\",\n            \"MC\",\n            \"MG\",\n            \"MM\",\n            \"MO\",\n            \"MT\",\n            \"MU\",\n            \"MV\",\n            \"MX\",\n            \"MY\",\n            \"MZ\",\n            \"NG\",\n            \"NL\",\n            \"NO\",\n            \"NP\",\n            \"NZ\",\n            \"OM\",\n            \"PA\",\n            \"PE\",\n            \"PG\",\n            \"PH\",\n            \"PK\",\n            \"PL\",\n            \"PR\",\n            \"PT\",\n            \"QA\",\n            \"RO\",\n            \"RU\",\n            \"SA\",\n            \"SC\",\n            \"SE\",\n            \"SG\",\n            \"SI\",\n            \"SK\",\n            \"TH\",\n            \"TM\",\n            \"TR\",\n            \"TW\",\n            \"TZ\",\n            \"UG\",\n            \"US\",\n            \"UZ\",\n            \"VN\",\n            \"ZA\"\n        ],\n        \"seller_countries\": [\n            \"AE\",\n            \"AR\",\n            \"AT\",\n            \"AU\",\n            \"BD\",\n            \"BE\",\n            \"BF\",\n            \"BG\",\n            \"BH\",\n            \"BN\",\n            \"BR\",\n            \"BW\",\n            \"CA\",\n            \"CH\",\n            \"CI\",\n            \"CL\",\n            \"CM\",\n            \"CN\",\n            \"CO\",\n            \"CY\",\n            \"CZ\",\n            \"DE\",\n            \"DK\",\n            \"DZ\",\n            \"EE\",\n            \"EG\",\n            \"ES\",\n            \"ET\",\n            \"FI\",\n            \"FJ\",\n            \"FR\",\n            \"GA\",\n            \"GB\",\n            \"GH\",\n            \"GM\",\n            \"GQ\",\n            \"GR\",\n            \"HK\",\n            \"HR\",\n            \"HU\",\n            \"ID\",\n            \"IE\",\n            \"IL\",\n            \"IN\",\n            \"IS\",\n            \"IT\",\n            \"JO\",\n            \"JP\",\n            \"KE\",\n            \"KG\",\n            \"KH\",\n            \"KR\",\n            \"KW\",\n            \"KZ\",\n            \"LI\",\n            \"LK\",\n            \"LT\",\n            \"LU\",\n            \"LV\",\n            \"MA\",\n            \"MC\",\n            \"MG\",\n            \"MM\",\n            \"MO\",\n            \"MT\",\n            \"MU\",\n            \"MV\",\n            \"MX\",\n            \"MY\",\n            \"MZ\",\n            \"NG\",\n            \"NL\",\n            \"NO\",\n            \"NP\",\n            \"NZ\",\n            \"OM\",\n            \"PE\",\n            \"PG\",\n            \"PH\",\n            \"PK\",\n            \"PL\",\n            \"PR\",\n            \"PT\",\n            \"QA\",\n            \"RO\",\n            \"RU\",\n            \"SA\",\n            \"SC\",\n            \"SE\",\n            \"SG\",\n            \"SI\",\n            \"SK\",\n            \"TH\",\n            \"TM\",\n            \"TR\",\n            \"TW\",\n            \"TZ\",\n            \"UG\",\n            \"US\",\n            \"UZ\",\n            \"VN\",\n            \"ZA\"\n        ]\n    }\n}"
						},
						{
							"name": "Bad req - country not supported",
							"originalRequest": {
								"method": "GET",
								"header": [
									{
										"key": "accesskey",
										"value": "{{access_key}}",
										"type": "text"
									},
									{
										"key": "signature",
										"value": "{{tazapay_signature}}",
										"type": "text"
									},
									{
										"key": "salt",
										"value": "{{tazapay_salt}}",
										"type": "text"
									},
									{
										"key": "timestamp",
										"value": "{{request_timestamp}}",
										"type": "text"
									}
								],
								"url": {
									"raw": "{{url}}/v1/metadata/countryconfig?country=MN",
									"host": [
										"{{url}}"
									],
									"path": [
										"v1",
										"metadata",
										"countryconfig"
									],
									"query": [
										{
											"key": "country",
											"value": "MN"
										}
									]
								}
							},
							"status": "Bad Request",
							"code": 400,
							"_postman_previewlanguage": "json",
							"header": [
								{
									"key": "Content-Type",
									"value": "application/json"
								},
								{
									"key": "Content-Length",
									"value": "120"
								},
								{
									"key": "Connection",
									"value": "keep-alive"
								},
								{
									"key": "Date",
									"value": "Wed, 24 Nov 2021 05:56:53 GMT"
								},
								{
									"key": "x-amzn-RequestId",
									"value": "611e744f-1367-4748-b9e6-49dc919a8b92"
								},
								{
									"key": "x-amz-apigw-id",
									"value": "JS4V1EfpSQ0FgvQ="
								},
								{
									"key": "Cache-Control",
									"value": "no-store, max-age=0"
								},
								{
									"key": "Vary",
									"value": "Origin"
								},
								{
									"key": "X-Amzn-Trace-Id",
									"value": "Root=1-619dd425-78e4d4cc2cbddad5770a2f65;Sampled=0"
								},
								{
									"key": "X-Cache",
									"value": "Error from cloudfront"
								},
								{
									"key": "Via",
									"value": "1.1 6e2ed731c719076ef15104593fe6f44d.cloudfront.net (CloudFront)"
								},
								{
									"key": "X-Amz-Cf-Pop",
									"value": "MAA50-C2"
								},
								{
									"key": "X-Amz-Cf-Id",
									"value": "8WVsBG7_3XdQj9rI7YAVpd0HMgz3p0ra8WYertVUpEA0PKx2QoA3NQ=="
								}
							],
							"cookie": [],
							"body": "{\n    \"status\": \"error\",\n    \"message\": \"bad request\",\n    \"errors\": [\n        {\n            \"code\": 1600,\n            \"message\": \"country is not supported at this moment\"\n        }\n    ]\n}"
						}
					]
				},
				{
					"name": "Invoice Currency",
					"request": {
						"auth": {
							"type": "basic",
							"basic": [
								{
									"key": "password",
									"value": "{{secret_key}}",
									"type": "string"
								},
								{
									"key": "username",
									"value": "{{access_key}}",
									"type": "string"
								}
							]
						},
						"method": "GET",
						"header": [],
						"url": {
							"raw": "{{url}}/v1/metadata/invoicecurrency?buyer_country=DE&seller_country=US",
							"host": [
								"{{url}}"
							],
							"path": [
								"v1",
								"metadata",
								"invoicecurrency"
							],
							"query": [
								{
									"key": "buyer_country",
									"value": "DE"
								},
								{
									"key": "seller_country",
									"value": "US"
								}
							]
						}
					},
					"response": [
						{
							"name": "Buyer: SG - Seller: IN",
							"originalRequest": {
								"method": "GET",
								"header": [
									{
										"key": "accesskey",
										"value": "{{access_key}}",
										"type": "text"
									},
									{
										"key": "signature",
										"value": "{{tazapay_signature}}",
										"type": "text"
									},
									{
										"key": "salt",
										"value": "{{tazapay_salt}}",
										"type": "text"
									},
									{
										"key": "timestamp",
										"value": "{{request_timestamp}}",
										"type": "text"
									}
								],
								"url": {
									"raw": "{{url}}/v1/metadata/invoicecurrency?buyer_country=SG&seller_country=IN",
									"host": [
										"{{url}}"
									],
									"path": [
										"v1",
										"metadata",
										"invoicecurrency"
									],
									"query": [
										{
											"key": "buyer_country",
											"value": "SG"
										},
										{
											"key": "seller_country",
											"value": "IN"
										}
									]
								}
							},
							"status": "OK",
							"code": 200,
							"_postman_previewlanguage": "json",
							"header": [
								{
									"key": "Content-Type",
									"value": "application/json"
								},
								{
									"key": "Content-Length",
									"value": "57"
								},
								{
									"key": "Connection",
									"value": "keep-alive"
								},
								{
									"key": "Date",
									"value": "Wed, 24 Nov 2021 05:54:04 GMT"
								},
								{
									"key": "x-amzn-RequestId",
									"value": "787b88e9-d726-4792-8a4b-7f607a53e983"
								},
								{
									"key": "x-amz-apigw-id",
									"value": "JS37bFPISQ0FpvQ="
								},
								{
									"key": "Cache-Control",
									"value": "no-store, max-age=0"
								},
								{
									"key": "Vary",
									"value": "Origin"
								},
								{
									"key": "X-Amzn-Trace-Id",
									"value": "Root=1-619dd37c-2a3a2d7346e20f745b87cd4d;Sampled=0"
								},
								{
									"key": "X-Cache",
									"value": "Miss from cloudfront"
								},
								{
									"key": "Via",
									"value": "1.1 6e2ed731c719076ef15104593fe6f44d.cloudfront.net (CloudFront)"
								},
								{
									"key": "X-Amz-Cf-Pop",
									"value": "MAA50-C2"
								},
								{
									"key": "X-Amz-Cf-Id",
									"value": "CfN5h9fLReVDxj5CILlHzpHGalw_D7Avj_cQN9niFf715yOGtPIeBw=="
								}
							],
							"cookie": [],
							"body": "{\n    \"status\": \"success\",\n    \"data\": {\n        \"currencies\": [\n            \"USD\",\n            \"SGD\"\n        ]\n    }\n}"
						},
						{
							"name": "Bad req - country not supported",
							"originalRequest": {
								"method": "GET",
								"header": [
									{
										"key": "accesskey",
										"value": "{{access_key}}",
										"type": "text"
									},
									{
										"key": "signature",
										"value": "{{tazapay_signature}}",
										"type": "text"
									},
									{
										"key": "salt",
										"value": "{{tazapay_salt}}",
										"type": "text"
									},
									{
										"key": "timestamp",
										"value": "{{request_timestamp}}",
										"type": "text"
									}
								],
								"url": {
									"raw": "{{url}}/v1/metadata/invoicecurrency?buyer_country=MN&seller_country=IN",
									"host": [
										"{{url}}"
									],
									"path": [
										"v1",
										"metadata",
										"invoicecurrency"
									],
									"query": [
										{
											"key": "buyer_country",
											"value": "MN"
										},
										{
											"key": "seller_country",
											"value": "IN"
										}
									]
								}
							},
							"status": "Bad Request",
							"code": 400,
							"_postman_previewlanguage": "json",
							"header": [
								{
									"key": "Content-Type",
									"value": "application/json"
								},
								{
									"key": "Content-Length",
									"value": "146"
								},
								{
									"key": "Connection",
									"value": "keep-alive"
								},
								{
									"key": "Date",
									"value": "Wed, 24 Nov 2021 05:54:48 GMT"
								},
								{
									"key": "x-amzn-RequestId",
									"value": "3ae2a96f-5ad6-4823-8e2a-45bb943c2cb8"
								},
								{
									"key": "x-amz-apigw-id",
									"value": "JS4CWHimSQ0FWIw="
								},
								{
									"key": "Cache-Control",
									"value": "no-store, max-age=0"
								},
								{
									"key": "Vary",
									"value": "Origin"
								},
								{
									"key": "X-Amzn-Trace-Id",
									"value": "Root=1-619dd3a8-6bbcb43c4b3d00071a4ac0c4;Sampled=0"
								},
								{
									"key": "X-Cache",
									"value": "Error from cloudfront"
								},
								{
									"key": "Via",
									"value": "1.1 6e2ed731c719076ef15104593fe6f44d.cloudfront.net (CloudFront)"
								},
								{
									"key": "X-Amz-Cf-Pop",
									"value": "MAA50-C2"
								},
								{
									"key": "X-Amz-Cf-Id",
									"value": "q9xiw90JsPtnhVJWg_ol5ySbEO_wb82Nqk3cFEpYv3yBlz6508Rz8w=="
								}
							],
							"cookie": [],
							"body": "{\n    \"status\": \"error\",\n    \"message\": \"bad request\",\n    \"errors\": [\n        {\n            \"code\": 1600,\n            \"message\": \"country is not supported at this moment\",\n            \"remarks\": \"buyer_country\"\n        }\n    ]\n}"
						}
					]
				},
				{
					"name": "Collect",
					"request": {
						"auth": {
							"type": "basic",
							"basic": [
								{
									"key": "password",
									"value": "{{secret_key}}",
									"type": "string"
								},
								{
									"key": "username",
									"value": "{{access_key}}",
									"type": "string"
								}
							]
						},
						"method": "GET",
						"header": [],
						"url": {
							"raw": "{{url}}/v1/metadata/collect?amount=20000&buyer_country=SG&invoice_currency=USD&seller_country=IN",
							"host": [
								"{{url}}"
							],
							"path": [
								"v1",
								"metadata",
								"collect"
							],
							"query": [
								{
									"key": "amount",
									"value": "20000"
								},
								{
									"key": "buyer_country",
									"value": "SG"
								},
								{
									"key": "invoice_currency",
									"value": "USD"
								},
								{
									"key": "seller_country",
									"value": "IN"
								},
								{
									"key": "filter",
									"value": "PayNow QR",
									"disabled": true
								}
							]
						}
					},
					"response": [
						{
							"name": "Buyer: SG - Seller: IN",
							"originalRequest": {
								"method": "GET",
								"header": [
									{
										"key": "accesskey",
										"value": "{{access_key}}",
										"type": "text"
									},
									{
										"key": "signature",
										"value": "{{tazapay_signature}}",
										"type": "text"
									},
									{
										"key": "salt",
										"value": "{{tazapay_salt}}",
										"type": "text"
									},
									{
										"key": "timestamp",
										"value": "{{request_timestamp}}",
										"type": "text"
									}
								],
								"url": {
									"raw": "{{url}}/v1/metadata/collect?amount=1000&buyer_country=SG&invoice_currency=USD&seller_country=IN",
									"host": [
										"{{url}}"
									],
									"path": [
										"v1",
										"metadata",
										"collect"
									],
									"query": [
										{
											"key": "amount",
											"value": "1000"
										},
										{
											"key": "buyer_country",
											"value": "SG"
										},
										{
											"key": "invoice_currency",
											"value": "USD"
										},
										{
											"key": "seller_country",
											"value": "IN"
										}
									]
								}
							},
							"status": "OK",
							"code": 200,
							"_postman_previewlanguage": "json",
							"header": [
								{
									"key": "Content-Type",
									"value": "application/json"
								},
								{
									"key": "Content-Length",
									"value": "1798"
								},
								{
									"key": "Connection",
									"value": "keep-alive"
								},
								{
									"key": "Date",
									"value": "Wed, 24 Nov 2021 05:58:28 GMT"
								},
								{
									"key": "x-amzn-RequestId",
									"value": "9bcf1454-6916-49bc-8b2a-8121da7f929c"
								},
								{
									"key": "x-amz-apigw-id",
									"value": "JS4kUF4SSQ0FZow="
								},
								{
									"key": "Cache-Control",
									"value": "no-store, max-age=0"
								},
								{
									"key": "Vary",
									"value": "Origin"
								},
								{
									"key": "X-Amzn-Trace-Id",
									"value": "Root=1-619dd481-0a908d116b64a6ee448cc66d;Sampled=0"
								},
								{
									"key": "X-Cache",
									"value": "Miss from cloudfront"
								},
								{
									"key": "Via",
									"value": "1.1 6e2ed731c719076ef15104593fe6f44d.cloudfront.net (CloudFront)"
								},
								{
									"key": "X-Amz-Cf-Pop",
									"value": "MAA50-C2"
								},
								{
									"key": "X-Amz-Cf-Id",
									"value": "_ncY7mf1tMY3ypqhSmKqN24XqtjabaZ6OJcPIwGec6REb1L36-EMpg=="
								}
							],
							"cookie": [],
							"body": "{\n    \"status\": \"success\",\n    \"data\": {\n        \"buyer_country\": \"SG\",\n        \"seller_country\": \"IN\",\n        \"invoice_currency\": \"USD\",\n        \"amount\": 1000,\n        \"payment_methods\": [\n            {\n                \"name\": \"Local Bank Transfer\",\n                \"type\": \"sgd_local_bank\",\n                \"currency\": \"SGD\",\n                \"bank_account\": \"\",\n                \"banks\": null,\n                \"provider\": \"wallex\",\n                \"tag\": \"Best FX Rate\",\n                \"url\": [\n                    \"https://tazapay-payment-logos.s3.ap-southeast-1.amazonaws.com/bank-transfer.svg\"\n                ]\n            },\n            {\n                \"name\": \"Wire Transfer\",\n                \"type\": \"usd_dbs_wire\",\n                \"currency\": \"USD\",\n                \"bank_account\": \"\",\n                \"banks\": null,\n                \"provider\": \"wallex\",\n                \"tag\": \"\",\n                \"url\": [\n                    \"https://tazapay-payment-logos.s3.ap-southeast-1.amazonaws.com/swift.svg\"\n                ]\n            },\n            {\n                \"name\": \"PayNow QR\",\n                \"type\": \"sg_paynow_bank\",\n                \"currency\": \"SGD\",\n                \"bank_account\": \"\",\n                \"banks\": null,\n                \"provider\": \"rapyd\",\n                \"tag\": \"Instant\",\n                \"url\": [\n                    \"https://tazapay-payment-logos.s3.ap-southeast-1.amazonaws.com/paynow.svg\"\n                ]\n            },\n            {\n                \"name\": \"Card\",\n                \"type\": \"\",\n                \"currency\": \"USD\",\n                \"bank_account\": \"\",\n                \"banks\": null,\n                \"provider\": \"stripe\",\n                \"tag\": \"Instant\",\n                \"url\": [\n                    \"https://tazapay-payment-logos.s3.ap-southeast-1.amazonaws.com/mastercard.svg\",\n                    \"https://tazapay-payment-logos.s3.ap-southeast-1.amazonaws.com/amex.svg\",\n                    \"https://tazapay-payment-logos.s3.ap-southeast-1.amazonaws.com/diners.svg\",\n                    \"https://tazapay-payment-logos.s3.ap-southeast-1.amazonaws.com/discover.svg\",\n                    \"https://tazapay-payment-logos.s3.ap-southeast-1.amazonaws.com/jcb.svg\",\n                    \"https://tazapay-payment-logos.s3.ap-southeast-1.amazonaws.com/visa.svg\",\n                    \"https://tazapay-payment-logos.s3.ap-southeast-1.amazonaws.com/unionpay.svg\"\n                ]\n            }\n        ],\n        \"collection_currencies\": [\n            {\n                \"currency\": \"SGD\",\n                \"fx_rate\": 1.41,\n                \"amount\": 1407.94,\n                \"provider\": \"rapyd\",\n                \"is_minimum\": false\n            },\n            {\n                \"currency\": \"SGD\",\n                \"fx_rate\": 1.37,\n                \"amount\": 1367.6,\n                \"provider\": \"wallex\",\n                \"is_minimum\": true\n            },\n            {\n                \"currency\": \"USD\",\n                \"fx_rate\": 1,\n                \"amount\": 1000,\n                \"provider\": \"wallex\",\n                \"is_minimum\": false\n            },\n            {\n                \"currency\": \"USD\",\n                \"fx_rate\": 1,\n                \"amount\": 1000,\n                \"provider\": \"stripe\",\n                \"is_minimum\": false\n            }\n        ]\n    }\n}"
						},
						{
							"name": "Bad req - country not supported",
							"originalRequest": {
								"method": "GET",
								"header": [
									{
										"key": "accesskey",
										"value": "{{access_key}}",
										"type": "text"
									},
									{
										"key": "signature",
										"value": "{{tazapay_signature}}",
										"type": "text"
									},
									{
										"key": "salt",
										"value": "{{tazapay_salt}}",
										"type": "text"
									},
									{
										"key": "timestamp",
										"value": "{{request_timestamp}}",
										"type": "text"
									}
								],
								"url": {
									"raw": "{{url}}/v1/metadata/collect?amount=1000&buyer_country=MN&invoice_currency=USD&seller_country=IN",
									"host": [
										"{{url}}"
									],
									"path": [
										"v1",
										"metadata",
										"collect"
									],
									"query": [
										{
											"key": "amount",
											"value": "1000"
										},
										{
											"key": "buyer_country",
											"value": "MN"
										},
										{
											"key": "invoice_currency",
											"value": "USD"
										},
										{
											"key": "seller_country",
											"value": "IN"
										}
									]
								}
							},
							"status": "Bad Request",
							"code": 400,
							"_postman_previewlanguage": "json",
							"header": [
								{
									"key": "Content-Type",
									"value": "application/json"
								},
								{
									"key": "Content-Length",
									"value": "146"
								},
								{
									"key": "Connection",
									"value": "keep-alive"
								},
								{
									"key": "Date",
									"value": "Wed, 24 Nov 2021 06:00:01 GMT"
								},
								{
									"key": "x-amzn-RequestId",
									"value": "da96bd13-4cd6-4bf9-a177-ab7ee81f01a4"
								},
								{
									"key": "x-amz-apigw-id",
									"value": "JS4zOESqSQ0FS5w="
								},
								{
									"key": "Cache-Control",
									"value": "no-store, max-age=0"
								},
								{
									"key": "Vary",
									"value": "Origin"
								},
								{
									"key": "X-Amzn-Trace-Id",
									"value": "Root=1-619dd4e1-414c711721f31afb2ac6fe8a;Sampled=0"
								},
								{
									"key": "X-Cache",
									"value": "Error from cloudfront"
								},
								{
									"key": "Via",
									"value": "1.1 6e2ed731c719076ef15104593fe6f44d.cloudfront.net (CloudFront)"
								},
								{
									"key": "X-Amz-Cf-Pop",
									"value": "MAA50-C2"
								},
								{
									"key": "X-Amz-Cf-Id",
									"value": "2kJGDL032OTTL050rZN4k257rhvQuPSCAKqlpKzIUjSLM85e0Ziljg=="
								}
							],
							"cookie": [],
							"body": "{\n    \"status\": \"error\",\n    \"message\": \"bad request\",\n    \"errors\": [\n        {\n            \"code\": 1600,\n            \"message\": \"country is not supported at this moment\",\n            \"remarks\": \"buyer_country\"\n        }\n    ]\n}"
						}
					]
				},
				{
					"name": "Disburse",
					"request": {
						"auth": {
							"type": "basic",
							"basic": [
								{
									"key": "password",
									"value": "{{secret_key}}",
									"type": "string"
								},
								{
									"key": "username",
									"value": "{{access_key}}",
									"type": "string"
								}
							]
						},
						"method": "GET",
						"header": [],
						"url": {
							"raw": "{{url}}/v1/metadata/disburse?buyer_country=SG&seller_country=IN&invoice_currency=USD&amount=900",
							"host": [
								"{{url}}"
							],
							"path": [
								"v1",
								"metadata",
								"disburse"
							],
							"query": [
								{
									"key": "buyer_country",
									"value": "SG"
								},
								{
									"key": "seller_country",
									"value": "IN"
								},
								{
									"key": "invoice_currency",
									"value": "USD"
								},
								{
									"key": "amount",
									"value": "900"
								}
							]
						}
					},
					"response": [
						{
							"name": "Buyer: SG - Seller: IN",
							"originalRequest": {
								"method": "GET",
								"header": [
									{
										"key": "accesskey",
										"value": "{{access_key}}",
										"type": "text"
									},
									{
										"key": "signature",
										"value": "{{tazapay_signature}}",
										"type": "text"
									},
									{
										"key": "salt",
										"value": "{{tazapay_salt}}",
										"type": "text"
									},
									{
										"key": "timestamp",
										"value": "{{request_timestamp}}",
										"type": "text"
									}
								],
								"url": {
									"raw": "{{url}}/v1/metadata/disburse?buyer_country=SG&seller_country=IN&invoice_currency=USD&amount=900",
									"host": [
										"{{url}}"
									],
									"path": [
										"v1",
										"metadata",
										"disburse"
									],
									"query": [
										{
											"key": "buyer_country",
											"value": "SG"
										},
										{
											"key": "seller_country",
											"value": "IN"
										},
										{
											"key": "invoice_currency",
											"value": "USD"
										},
										{
											"key": "amount",
											"value": "900"
										}
									]
								}
							},
							"status": "OK",
							"code": 200,
							"_postman_previewlanguage": "json",
							"header": [
								{
									"key": "Content-Type",
									"value": "application/json"
								},
								{
									"key": "Content-Length",
									"value": "300"
								},
								{
									"key": "Connection",
									"value": "keep-alive"
								},
								{
									"key": "Date",
									"value": "Wed, 24 Nov 2021 06:04:22 GMT"
								},
								{
									"key": "x-amzn-RequestId",
									"value": "2bfe4587-009e-409c-8717-a5b15b8b2f55"
								},
								{
									"key": "x-amz-apigw-id",
									"value": "JS5b-EFpyQ0FYrA="
								},
								{
									"key": "Cache-Control",
									"value": "no-store, max-age=0"
								},
								{
									"key": "Vary",
									"value": "Origin"
								},
								{
									"key": "X-Amzn-Trace-Id",
									"value": "Root=1-619dd5e6-603ba14075727ef00dcc088d;Sampled=0"
								},
								{
									"key": "X-Cache",
									"value": "Miss from cloudfront"
								},
								{
									"key": "Via",
									"value": "1.1 6e2ed731c719076ef15104593fe6f44d.cloudfront.net (CloudFront)"
								},
								{
									"key": "X-Amz-Cf-Pop",
									"value": "MAA50-C2"
								},
								{
									"key": "X-Amz-Cf-Id",
									"value": "6UV89tLc2JPBDcvP3tTrH5I7eDNB9J7hBzPytpF9LjBgGSA1V8aWnw=="
								}
							],
							"cookie": [],
							"body": "{\n    \"status\": \"success\",\n    \"data\": {\n        \"buyer_country\": \"SG\",\n        \"seller_country\": \"IN\",\n        \"invoice_currency\": \"USD\",\n        \"amount\": 900,\n        \"settlement_currencies\": [\n            {\n                \"currency\": \"INR\",\n                \"fx_rate\": 72.24,\n                \"amount\": 65016.19,\n                \"provider\": \"\",\n                \"is_minimum\": false\n            },\n            {\n                \"currency\": \"USD\",\n                \"fx_rate\": 1,\n                \"amount\": 900,\n                \"provider\": \"\",\n                \"is_minimum\": false\n            }\n        ]\n    }\n}"
						},
						{
							"name": "Bad req - country not supported",
							"originalRequest": {
								"method": "GET",
								"header": [
									{
										"key": "accesskey",
										"value": "{{access_key}}",
										"type": "text"
									},
									{
										"key": "signature",
										"value": "{{tazapay_signature}}",
										"type": "text"
									},
									{
										"key": "salt",
										"value": "{{tazapay_salt}}",
										"type": "text"
									},
									{
										"key": "timestamp",
										"value": "{{request_timestamp}}",
										"type": "text"
									}
								],
								"url": {
									"raw": "{{url}}/v1/metadata/disburse?buyer_country=MN&seller_country=IN&invoice_currency=USD&amount=900",
									"host": [
										"{{url}}"
									],
									"path": [
										"v1",
										"metadata",
										"disburse"
									],
									"query": [
										{
											"key": "buyer_country",
											"value": "MN"
										},
										{
											"key": "seller_country",
											"value": "IN"
										},
										{
											"key": "invoice_currency",
											"value": "USD"
										},
										{
											"key": "amount",
											"value": "900"
										}
									]
								}
							},
							"status": "Bad Request",
							"code": 400,
							"_postman_previewlanguage": "json",
							"header": [
								{
									"key": "Content-Type",
									"value": "application/json"
								},
								{
									"key": "Content-Length",
									"value": "146"
								},
								{
									"key": "Connection",
									"value": "keep-alive"
								},
								{
									"key": "Date",
									"value": "Wed, 24 Nov 2021 06:04:42 GMT"
								},
								{
									"key": "x-amzn-RequestId",
									"value": "73f6e784-7579-4907-9521-36ea89544199"
								},
								{
									"key": "x-amz-apigw-id",
									"value": "JS5fNEYiSQ0Fo2w="
								},
								{
									"key": "Cache-Control",
									"value": "no-store, max-age=0"
								},
								{
									"key": "Vary",
									"value": "Origin"
								},
								{
									"key": "X-Amzn-Trace-Id",
									"value": "Root=1-619dd5fa-09331b845edb991011a3ff1d;Sampled=0"
								},
								{
									"key": "X-Cache",
									"value": "Error from cloudfront"
								},
								{
									"key": "Via",
									"value": "1.1 6e2ed731c719076ef15104593fe6f44d.cloudfront.net (CloudFront)"
								},
								{
									"key": "X-Amz-Cf-Pop",
									"value": "MAA50-C2"
								},
								{
									"key": "X-Amz-Cf-Id",
									"value": "_bRyRhIp_hWPr6o3v96Ot-DrjmXQ_q5irBYCyzkaIwFo-jTHBXUG_Q=="
								}
							],
							"cookie": [],
							"body": "{\n    \"status\": \"error\",\n    \"message\": \"bad request\",\n    \"errors\": [\n        {\n            \"code\": 1600,\n            \"message\": \"country is not supported at this moment\",\n            \"remarks\": \"buyer_country\"\n        }\n    ]\n}"
						}
					]
				},
				{
					"name": "Doc Upload URL",
					"request": {
						"auth": {
							"type": "basic",
							"basic": [
								{
									"key": "password",
									"value": "{{secret_key}}",
									"type": "string"
								},
								{
									"key": "username",
									"value": "{{access_key}}",
									"type": "string"
								}
							]
						},
						"method": "GET",
						"header": [],
						"url": {
							"raw": "{{url}}/v1/metadata/doc/upload",
							"host": [
								"{{url}}"
							],
							"path": [
								"v1",
								"metadata",
								"doc",
								"upload"
							]
						}
					},
					"response": [
						{
							"name": "URL to upload doc",
							"originalRequest": {
								"method": "GET",
								"header": [
									{
										"key": "accesskey",
										"value": "{{access_key}}",
										"type": "text"
									},
									{
										"key": "signature",
										"value": "{{tazapay_signature}}",
										"type": "text"
									},
									{
										"key": "salt",
										"value": "{{tazapay_salt}}",
										"type": "text"
									},
									{
										"key": "timestamp",
										"value": "{{request_timestamp}}",
										"type": "text"
									}
								],
								"url": {
									"raw": "{{url}}/v1/metadata/doc/upload",
									"host": [
										"{{url}}"
									],
									"path": [
										"v1",
										"metadata",
										"doc",
										"upload"
									]
								}
							},
							"status": "OK",
							"code": 200,
							"_postman_previewlanguage": "json",
							"header": [
								{
									"key": "Content-Type",
									"value": "application/json"
								},
								{
									"key": "Content-Length",
									"value": "1311"
								},
								{
									"key": "Connection",
									"value": "keep-alive"
								},
								{
									"key": "Date",
									"value": "Wed, 24 Nov 2021 06:08:53 GMT"
								},
								{
									"key": "x-amzn-RequestId",
									"value": "1a887d0a-b902-4d98-8d46-a4c80ada69c8"
								},
								{
									"key": "x-amz-apigw-id",
									"value": "JS6GaHhuSQ0Fc8g="
								},
								{
									"key": "Cache-Control",
									"value": "no-store, max-age=0"
								},
								{
									"key": "Vary",
									"value": "Origin"
								},
								{
									"key": "X-Amzn-Trace-Id",
									"value": "Root=1-619dd6f5-1544aa97759322bb1fb8f54a;Sampled=0"
								},
								{
									"key": "X-Cache",
									"value": "Miss from cloudfront"
								},
								{
									"key": "Via",
									"value": "1.1 6e2ed731c719076ef15104593fe6f44d.cloudfront.net (CloudFront)"
								},
								{
									"key": "X-Amz-Cf-Pop",
									"value": "MAA50-C2"
								},
								{
									"key": "X-Amz-Cf-Id",
									"value": "BapTZsEoGSe3nOb16SCXIgc7reczm2nYAKWLcryJ1fT3mmLqR0xPGg=="
								}
							],
							"cookie": [],
							"body": "{\n    \"status\": \"success\",\n    \"data\": {\n        \"upload_url\": \"https://tazapay-temp-doc-qa.s3.ap-southeast-1.amazonaws.com/1637734133645193909?X-Amz-Algorithm=AWS4-HMAC-SHA256&X-Amz-Credential=ASIAQKC7OY4N7ZRRZ3FU%2F20211124%2Fap-southeast-1%2Fs3%2Faws4_request&X-Amz-Date=20211124T060853Z&X-Amz-Expires=3600&X-Amz-Security-Token=IQoJb3JpZ2luX2VjEI7%2F%2F%2F%2F%2F%2F%2F%2F%2F%2FwEaDmFwLXNvdXRoZWFzdC0xIkYwRAIgdYUEZlmSnEI5v78bDsSS8tK8%2BEFseYgvRBqBNvGqcuICIFIDp9GT4fSjlMQ4RptMA6P%2B8fSZUJgMCaVUdxZw0nppKrkCCFcQARoMMDIxNjc1MDM0Mzk1Igz9%2F%2BrraVyO9Uy7qasqlgIYShGrlhQatCb4291ZrDht0FzfpLv7KZChTQX4eCiDMsX6p4%2B24prp9Nvw8CvUeBkVmm2qwwgwTKm3iTvD9MI8H%2FKexCfkl%2B%2FezAF43vGgC9iAe24fkKUYaORzgp02PcBzXCFrM2hnMw29bKD%2BM%2BleT3QB7pcv%2BLzmCL5oPhA%2BN0aW905rgRtghsMg46M7N3AdWM55QO3IexnieI6sOB2bQWc7lD%2FgPvepwv3dhjHMtnIjLkwRww1Y1Uc3w2gQJz5oQh5Y8KXFwqmbnCgGUZY6NiJ0y3Zw7doW%2FzKz8h5813G1M8%2FF%2BkbSyvAaxEHrizJGVQdcUrd0uw4F7ZOoGL1qVPKWnJPlN7uaqO%2FCkgAEu6dc4D3Z%2FzC3pfeMBjqbATzQ%2FaqLAXkyjKoevFqmLNac03xVpUz8SZk7CHtf%2Fz4bWBYhUJUFVrVQkZ9JKtQRBZYuTVKCJ0BEnnA0LS1MUKNeY5OnH8ZlXy4w0iUPF2y7o1GtGAYIPIBPrkKd2ZcIFaUKicsjSMJL6aHL%2FUcaZpfDcubi9i8%2Bjt%2Fx%2Fc2TVouwoNnAxQoF1Yj3b7DkNsUdELBS%2Be%2F3%2BdiafMbc&X-Amz-SignedHeaders=host&X-Amz-Signature=9a38734d5b8ef5620cdc834d7f7856a1d48f61b82687096cb9065af625e1a977\"\n    }\n}"
						}
					]
				},
				{
					"name": "KYB Doc",
					"request": {
						"auth": {
							"type": "basic",
							"basic": [
								{
									"key": "password",
									"value": "{{secret_key}}",
									"type": "string"
								},
								{
									"key": "username",
									"value": "{{access_key}}",
									"type": "string"
								}
							]
						},
						"method": "GET",
						"header": [],
						"url": {
							"raw": "{{url}}/v1/metadata/kyb/doc?country=TH",
							"host": [
								"{{url}}"
							],
							"path": [
								"v1",
								"metadata",
								"kyb",
								"doc"
							],
							"query": [
								{
									"key": "country",
									"value": "TH"
								}
							]
						}
					},
					"response": [
						{
							"name": "Country - TH",
							"originalRequest": {
								"method": "GET",
								"header": [
									{
										"key": "accesskey",
										"value": "{{access_key}}",
										"type": "text"
									},
									{
										"key": "signature",
										"value": "{{tazapay_signature}}",
										"type": "text"
									},
									{
										"key": "salt",
										"value": "{{tazapay_salt}}",
										"type": "text"
									},
									{
										"key": "timestamp",
										"value": "{{request_timestamp}}",
										"type": "text"
									}
								],
								"url": {
									"raw": "{{url}}/v1/metadata/kyb/doc?country=TH",
									"host": [
										"{{url}}"
									],
									"path": [
										"v1",
										"metadata",
										"kyb",
										"doc"
									],
									"query": [
										{
											"key": "country",
											"value": "TH"
										}
									]
								}
							},
							"status": "OK",
							"code": 200,
							"_postman_previewlanguage": "json",
							"header": [
								{
									"key": "Content-Type",
									"value": "application/json"
								},
								{
									"key": "Content-Length",
									"value": "369"
								},
								{
									"key": "Connection",
									"value": "keep-alive"
								},
								{
									"key": "Date",
									"value": "Wed, 24 Nov 2021 06:23:44 GMT"
								},
								{
									"key": "x-amzn-RequestId",
									"value": "04109ddf-cf4d-4972-80ad-9d844768688b"
								},
								{
									"key": "x-amz-apigw-id",
									"value": "JS8RpGOZSQ0FR8A="
								},
								{
									"key": "Cache-Control",
									"value": "no-store, max-age=0"
								},
								{
									"key": "Vary",
									"value": "Origin"
								},
								{
									"key": "X-Amzn-Trace-Id",
									"value": "Root=1-619dda70-7795dbac590ef0dd14a939cf;Sampled=0"
								},
								{
									"key": "X-Cache",
									"value": "Miss from cloudfront"
								},
								{
									"key": "Via",
									"value": "1.1 b3b2246718edab5bd24a8e54e98fa4e0.cloudfront.net (CloudFront)"
								},
								{
									"key": "X-Amz-Cf-Pop",
									"value": "MAA50-C2"
								},
								{
									"key": "X-Amz-Cf-Id",
									"value": "73IYeJtw628F_EODiDliVHj4LnS4d45i-6ISulpq10A1_zCv08J7CQ=="
								}
							],
							"cookie": [],
							"body": "{\n    \"status\": \"success\",\n    \"data\": {\n        \"kyb_proof_document\": [\n            {\n                \"name\": \"Driver's License\",\n                \"type\": \"identity\"\n            },\n            {\n                \"name\": \"National ID\",\n                \"type\": \"identity\"\n            },\n            {\n                \"name\": \"Passport\",\n                \"type\": \"identity\"\n            },\n            {\n                \"name\": \"Other\",\n                \"type\": \"identity\"\n            },\n            {\n                \"name\": \"Driver's License\",\n                \"type\": \"address\"\n            },\n            {\n                \"name\": \"National ID\",\n                \"type\": \"address\"\n            },\n            {\n                \"name\": \"Passport\",\n                \"type\": \"address\"\n            },\n            {\n                \"name\": \"Other\",\n                \"type\": \"address\"\n            }\n        ]\n    }\n}"
						}
					]
				},
				{
					"name": "Milestone Scheme",
					"request": {
						"auth": {
							"type": "basic",
							"basic": [
								{
									"key": "password",
									"value": "{{secret_key}}",
									"type": "string"
								},
								{
									"key": "username",
									"value": "{{access_key}}",
									"type": "string"
								}
							]
						},
						"method": "GET",
						"header": [],
						"url": {
							"raw": "{{url}}/v1/metadata/milestone/scheme",
							"host": [
								"{{url}}"
							],
							"path": [
								"v1",
								"metadata",
								"milestone",
								"scheme"
							]
						}
					},
					"response": [
						{
							"name": "Configured Schemes",
							"originalRequest": {
								"method": "GET",
								"header": [
									{
										"key": "accesskey",
										"value": "{{access_key}}",
										"type": "text"
									},
									{
										"key": "signature",
										"value": "{{tazapay_signature}}",
										"type": "text"
									},
									{
										"key": "salt",
										"value": "{{tazapay_salt}}",
										"type": "text"
									},
									{
										"key": "timestamp",
										"value": "{{request_timestamp}}",
										"type": "text"
									}
								],
								"url": {
									"raw": "{{url}}/v1/metadata/milestone/scheme",
									"host": [
										"{{url}}"
									],
									"path": [
										"v1",
										"metadata",
										"milestone",
										"scheme"
									]
								}
							},
							"status": "OK",
							"code": 200,
							"_postman_previewlanguage": "json",
							"header": [
								{
									"key": "Content-Type",
									"value": "application/json"
								},
								{
									"key": "Content-Length",
									"value": "2567"
								},
								{
									"key": "Connection",
									"value": "keep-alive"
								},
								{
									"key": "Date",
									"value": "Wed, 24 Nov 2021 05:50:50 GMT"
								},
								{
									"key": "x-amzn-RequestId",
									"value": "41dd388f-c2d2-4a9c-898c-c0d55965c5e3"
								},
								{
									"key": "x-amz-apigw-id",
									"value": "JS3coHaAyQ0FRVA="
								},
								{
									"key": "Cache-Control",
									"value": "no-store, max-age=0"
								},
								{
									"key": "Vary",
									"value": "Origin"
								},
								{
									"key": "X-Amzn-Trace-Id",
									"value": "Root=1-619dd2b7-003524d1019f62355ed75cb9;Sampled=0"
								},
								{
									"key": "X-Cache",
									"value": "Miss from cloudfront"
								},
								{
									"key": "Via",
									"value": "1.1 6e2ed731c719076ef15104593fe6f44d.cloudfront.net (CloudFront)"
								},
								{
									"key": "X-Amz-Cf-Pop",
									"value": "MAA50-C2"
								},
								{
									"key": "X-Amz-Cf-Id",
									"value": "dTm0j_t58iprU5AzFOr1XCVhOocVOb40b11DTLGQug6M_Fo7_lRwvA=="
								}
							],
							"cookie": [],
							"body": "{\n    \"status\": \"success\",\n    \"data\": {\n        \"schemes\": [\n            {\n                \"code\": \"Scheme 1\",\n                \"short_description\": \"20% upfront; 80% on shipment\",\n                \"long_description\": \"Pay 20% upfront to the seller and 80% when the seller completes the shipment\",\n                \"breakdowns\": [\n                    {\n                        \"milestone_no\": 1,\n                        \"category\": \"payment\",\n                        \"type\": \"passthrough\",\n                        \"percentage\": 20\n                    },\n                    {\n                        \"milestone_no\": 2,\n                        \"category\": \"payout\",\n                        \"type\": \"passthrough\",\n                        \"percentage\": 20\n                    },\n                    {\n                        \"milestone_no\": 3,\n                        \"category\": \"payment\",\n                        \"type\": \"hold\",\n                        \"percentage\": 80\n                    },\n                    {\n                        \"milestone_no\": 4,\n                        \"category\": \"payout\",\n                        \"type\": \"hold\",\n                        \"percentage\": 80\n                    }\n                ]\n            },\n            {\n                \"code\": \"Scheme 2\",\n                \"short_description\": \"30% advance; 70% on delivery\",\n                \"long_description\": \"Pay 30% advance to the seller and 70% when the shipment gets delivered\",\n                \"breakdowns\": [\n                    {\n                        \"milestone_no\": 1,\n                        \"category\": \"payment\",\n                        \"type\": \"passthrough\",\n                        \"percentage\": 30\n                    },\n                    {\n                        \"milestone_no\": 2,\n                        \"category\": \"payout\",\n                        \"type\": \"passthrough\",\n                        \"percentage\": 30\n                    },\n                    {\n                        \"milestone_no\": 3,\n                        \"category\": \"payment\",\n                        \"type\": \"hold\",\n                        \"percentage\": 70\n                    },\n                    {\n                        \"milestone_no\": 4,\n                        \"category\": \"payout\",\n                        \"type\": \"hold\",\n                        \"percentage\": 70\n                    }\n                ]\n            },\n            {\n                \"code\": \"Scheme 3\",\n                \"short_description\": \"20% upfront; 40% on shipment; 40% on delivery\",\n                \"long_description\": \"Pay 20% upfront to the seller and 40% when the seller completes the shipment and 40% when the shipment gets delivered\",\n                \"breakdowns\": [\n                    {\n                        \"milestone_no\": 1,\n                        \"category\": \"payment\",\n                        \"type\": \"passthrough\",\n                        \"percentage\": 20\n                    },\n                    {\n                        \"milestone_no\": 2,\n                        \"category\": \"payout\",\n                        \"type\": \"passthrough\",\n                        \"percentage\": 20\n                    },\n                    {\n                        \"milestone_no\": 3,\n                        \"category\": \"payment\",\n                        \"type\": \"hold\",\n                        \"percentage\": 40\n                    },\n                    {\n                        \"milestone_no\": 4,\n                        \"category\": \"payout\",\n                        \"type\": \"hold\",\n                        \"percentage\": 40\n                    },\n                    {\n                        \"milestone_no\": 5,\n                        \"category\": \"payment\",\n                        \"type\": \"hold\",\n                        \"percentage\": 40\n                    },\n                    {\n                        \"milestone_no\": 6,\n                        \"category\": \"payout\",\n                        \"type\": \"hold\",\n                        \"percentage\": 40\n                    }\n                ]\n            },\n            {\n                \"code\": \"Scheme 4\",\n                \"short_description\": \"50% advance; 50% on delivery\",\n                \"long_description\": \"Pay 50% advance to the seller and 50% when the shipment gets delivered\",\n                \"breakdowns\": [\n                    {\n                        \"milestone_no\": 1,\n                        \"category\": \"payment\",\n                        \"type\": \"passthrough\",\n                        \"percentage\": 50\n                    },\n                    {\n                        \"milestone_no\": 2,\n                        \"category\": \"payout\",\n                        \"type\": \"passthrough\",\n                        \"percentage\": 50\n                    },\n                    {\n                        \"milestone_no\": 3,\n                        \"category\": \"payment\",\n                        \"type\": \"hold\",\n                        \"percentage\": 50\n                    },\n                    {\n                        \"milestone_no\": 4,\n                        \"category\": \"payout\",\n                        \"type\": \"hold\",\n                        \"percentage\": 50\n                    }\n                ]\n            },\n            {\n                \"code\": \"Scheme 5\",\n                \"short_description\": \"50% payment on shipment; 50% payment on delivery; 100% payout on delivery\",\n                \"long_description\": \"50% payment on shipment; 50% payment on delivery; 100% payout on delivery\",\n                \"breakdowns\": [\n                    {\n                        \"milestone_no\": 1,\n                        \"category\": \"payment\",\n                        \"type\": \"hold\",\n                        \"percentage\": 50\n                    },\n                    {\n                        \"milestone_no\": 2,\n                        \"category\": \"payment\",\n                        \"type\": \"hold\",\n                        \"percentage\": 50\n                    },\n                    {\n                        \"milestone_no\": 3,\n                        \"category\": \"payout\",\n                        \"type\": \"hold\",\n                        \"percentage\": 100\n                    }\n                ]\n            }\n        ]\n    }\n}"
						}
					]
				}
			]
		},
		{
			"name": "Escrow",
			"item": [
				{
					"name": "Create",
					"request": {
						"auth": {
							"type": "basic",
							"basic": [
								{
									"key": "password",
									"value": "{{secret_key}}",
									"type": "string"
								},
								{
									"key": "username",
									"value": "{{access_key}}",
									"type": "string"
								}
							]
						},
						"method": "POST",
						"header": [],
						"body": {
							"mode": "raw",
							"raw": "{\n    \"txn_type\": \"goods\",\n    \"release_mechanism\": \"tazapay\",\n    \"reference_id\": \"test12345\",\n    \"initiated_by\": \"2134f050-fb9c-4f00-9c13-049c251224e3\",\n    \"buyer_id\": \"2134f050-fb9c-4f00-9c13-049c251224e3\",\n    \"seller_id\": \"18e2f18c-1a46-487e-9dd7-da37b73ef8dd\",\n    \"txn_description\": \"Positive transaction\",\n    \"txn_docs\": [\n        {\n            \"type\": \"Proforma Invoice\",\n            \"url\": \"https://www.invoicesimple.com/wp-content/uploads/2018/06/Invoice-Template-top.xlsx\"\n        },\n        {\n            \"type\": \"Others\",\n            \"name\": \"Order Form\",\n            \"url\": \"https://www.invoicesimple.com/wp-content/uploads/2018/06/Invoice-Template-top.xlsx\"\n        }\n    ],\n    \"attributes\": {},\n    \"invoice_currency\": \"INR\",\n    \"invoice_amount\": 1000,\n    \"fee_tier\": \"standard\",\n    \"fee_paid_by\": \"buyer\",\n    \"fee_percentage\": 100,\n    \"release_docs\": [\n        {\n            \"type\": \"Bill of Lading/ Airway Bill\"\n        },\n        {\n            \"type\": \"Others\",\n            \"name\": \"Packing List\"\n        }\n    ],\n    \"flat_fee\": {\n        \"amount\": 10,\n        \"label\": \"TEST-LABEL\",\n        \"paid_by\": \"buyer\",\n        \"payer_percentage\": 100\n    },\n    \"milestone_scheme\": \"\"\n}",
							"options": {
								"raw": {
									"language": "json"
								}
							}
						},
						"url": {
							"raw": "{{url}}/v1/escrow",
							"host": [
								"{{url}}"
							],
							"path": [
								"v1",
								"escrow"
							]
						}
					},
					"response": []
				},
				{
					"name": "Status",
					"request": {
						"auth": {
							"type": "basic",
							"basic": [
								{
									"key": "password",
									"value": "{{secret_key}}",
									"type": "string"
								},
								{
									"key": "username",
									"value": "{{access_key}}",
									"type": "string"
								}
							]
						},
						"method": "GET",
						"header": [],
						"url": {
							"raw": "{{url}}/v1/escrow/2208-134137",
							"host": [
								"{{url}}"
							],
							"path": [
								"v1",
								"escrow",
								"2208-134137"
							]
						}
					},
					"response": []
				},
				{
					"name": "Summary",
					"request": {
						"auth": {
							"type": "basic",
							"basic": [
								{
									"key": "password",
									"value": "{{secret_key}}",
									"type": "string"
								},
								{
									"key": "username",
									"value": "{{access_key}}",
									"type": "string"
								}
							]
						},
						"method": "GET",
						"header": [],
						"url": {
							"raw": "{{url}}/v1/escrow/2208-134137/summary",
							"host": [
								"{{url}}"
							],
							"path": [
								"v1",
								"escrow",
								"2208-134137",
								"summary"
							]
						}
					},
					"response": []
				}
			]
		},
		{
			"name": "Session",
			"item": [
				{
					"name": "Payment",
					"event": [
						{
							"listen": "test",
							"script": {
								"exec": [
									""
								],
								"type": "text/javascript"
							}
						}
					],
					"request": {
						"auth": {
							"type": "basic",
							"basic": [
								{
									"key": "password",
									"value": "{{secret_key}}",
									"type": "string"
								},
								{
									"key": "username",
									"value": "{{access_key}}",
									"type": "string"
								}
							]
						},
						"method": "POST",
						"header": [],
						"body": {
							"mode": "raw",
							"raw": "{\n    \"txn_no\": \"2208-134137\",\n    \"complete_url\": \"https://www.google.com/\",\n    \"error_url\": \"https://duckduckgo.com/\",\n    \"callback_url\": \"https://ene1duxcwxlo4.x.pipedream.net/\"\n}",
							"options": {
								"raw": {
									"language": "json"
								}
							}
						},
						"url": {
							"raw": "{{url}}/v1/session/payment",
							"host": [
								"{{url}}"
							],
							"path": [
								"v1",
								"session",
								"payment"
							]
						}
					},
					"response": []
				},
				{
					"name": "Release",
					"request": {
						"auth": {
							"type": "basic",
							"basic": [
								{
									"key": "password",
									"value": "{{secret_key}}",
									"type": "string"
								},
								{
									"key": "username",
									"value": "{{access_key}}",
									"type": "string"
								}
							]
						},
						"method": "POST",
						"header": [],
						"body": {
							"mode": "raw",
							"raw": "{\n    \"txn_no\": \"2208-134137\",\n    \"callback_url\": \"https://ene1duxcwxlo4.x.pipedream.net/\",\n    \"complete_url\": \"https://www.google.com/\",\n    \"error_url\": \"https://duckduckgo.com/\",\n    \"release_docs\": [\n        {\n            \"type\": \"Bill of Lading/ Airway Bill\",\n            \"url\": \"https://www.invoicesimple.com/wp-content/uploads/2018/06/Invoice-Template-top.xlsx\",\n            \"file_name\": \"abc.pdf\"\n        },\n        {\n            \"type\": \"Others\",\n            \"name\": \"Packing List\",\n            \"url\": \"https://www.invoicesimple.com/wp-content/uploads/2018/06/Invoice-Template-top.xlsx\",\n            \"file_name\": \"xyz.png\"\n        }\n    ]\n}",
							"options": {
								"raw": {
									"language": "json"
								}
							}
						},
						"url": {
							"raw": "{{url}}/v1/session/release",
							"host": [
								"{{url}}"
							],
							"path": [
								"v1",
								"session",
								"release"
							]
						}
					},
					"response": []
				},
				{
					"name": "Refund",
					"request": {
						"auth": {
							"type": "basic",
							"basic": [
								{
									"key": "password",
									"value": "{{secret_key}}",
									"type": "string"
								},
								{
									"key": "username",
									"value": "{{access_key}}",
									"type": "string"
								}
							]
						},
						"method": "POST",
						"header": [],
						"body": {
							"mode": "raw",
							"raw": "{\n  \"txn_no\": \"2208-134137\",\n  \"amount\": 200\n}",
							"options": {
								"raw": {
									"language": "json"
								}
							}
						},
						"url": {
							"raw": "{{url}}/v1/payment/refund/request",
							"host": [
								"{{url}}"
							],
							"path": [
								"v1",
								"payment",
								"refund",
								"request"
							]
						}
					},
					"response": []
				},
				{
					"name": "Refund Status",
					"event": [
						{
							"listen": "prerequest",
							"script": {
								"exec": [
									""
								],
								"type": "text/javascript"
							}
						}
					],
					"protocolProfileBehavior": {
						"disableBodyPruning": true
					},
					"request": {
						"auth": {
							"type": "basic",
							"basic": [
								{
									"key": "password",
									"value": "{{secret_key}}",
									"type": "string"
								},
								{
									"key": "username",
									"value": "{{access_key}}",
									"type": "string"
								}
							]
						},
						"method": "GET",
						"header": [],
						"body": {
							"mode": "raw",
							"raw": "",
							"options": {
								"raw": {
									"language": "json"
								}
							}
						},
						"url": {
							"raw": "{{url}}/v1/payment/refund/status?reference_id=14d81c33-70b6-40eb-9de4-35122e276186&txn_no=2208-134137",
							"host": [
								"{{url}}"
							],
							"path": [
								"v1",
								"payment",
								"refund",
								"status"
							],
							"query": [
								{
									"key": "reference_id",
									"value": "14d81c33-70b6-40eb-9de4-35122e276186"
								},
								{
									"key": "txn_no",
									"value": "2208-134137"
								}
							]
						}
					},
					"response": []
				}
			]
		},
		{
			"name": "Bank",
			"item": [
				{
					"name": "Add",
					"request": {
						"auth": {
							"type": "basic",
							"basic": [
								{
									"key": "password",
									"value": "{{secret_key}}",
									"type": "string"
								},
								{
									"key": "username",
									"value": "{{access_key}}",
									"type": "string"
								}
							]
						},
						"method": "POST",
						"header": [],
						"body": {
							"mode": "raw",
							"raw": "{\n    \"account_id\": \"2134f050-fb9c-4f00-9c13-049c251224e3\",\n    \"currency\": \"INR\",\n    \"bank_name\": \"State Bank of Ind\",\n    \"legal_name\": \"Humpoty\",\n    \"account_number\": \"985214758563\",\n    \"is_primary_account\" : true,\n    \"bank_codes\": {\n        \"IFSC Code\": \"BKIDFDD5102\"\n    }\n}",
							"options": {
								"raw": {
									"language": "json"
								}
							}
						},
						"url": {
							"raw": "{{url}}/v1/bank",
							"host": [
								"{{url}}"
							],
							"path": [
								"v1",
								"bank"
							]
						}
					},
					"response": []
				},
				{
					"name": "List",
					"request": {
						"auth": {
							"type": "basic",
							"basic": [
								{
									"key": "password",
									"value": "{{secret_key}}",
									"type": "string"
								},
								{
									"key": "username",
									"value": "{{access_key}}",
									"type": "string"
								}
							]
						},
						"method": "GET",
						"header": [],
						"url": {
							"raw": "{{url}}/v1/bank/2134f050-fb9c-4f00-9c13-049c251224e3",
							"host": [
								"{{url}}"
							],
							"path": [
								"v1",
								"bank",
								"2134f050-fb9c-4f00-9c13-049c251224e3"
							]
						}
					},
					"response": []
				},
				{
					"name": "/bank/primary",
					"event": [
						{
							"listen": "prerequest",
							"script": {
								"exec": [
									""
								],
								"type": "text/javascript"
							}
						}
					],
					"request": {
						"auth": {
							"type": "basic",
							"basic": [
								{
									"key": "password",
									"value": "{{secret_key}}",
									"type": "string"
								},
								{
									"key": "username",
									"value": "{{access_key}}",
									"type": "string"
								}
							]
						},
						"method": "PUT",
						"header": [],
						"body": {
							"mode": "raw",
							"raw": "{\n    \"account_id\": \"2134f050-fb9c-4f00-9c13-049c251224e3\",\n    \"bank_id\": \"f023b846-8c88-4a17-9a83-ece048ff83c8\"\n}",
							"options": {
								"raw": {
									"language": "json"
								}
							}
						},
						"url": {
							"raw": "{{url}}/v1/bank/primary",
							"host": [
								"{{url}}"
							],
							"path": [
								"v1",
								"bank",
								"primary"
							]
						}
					},
					"response": []
				}
			]
		},
		{
			"name": "KYB - Depriciated!",
			"item": [
				{
					"name": "Create",
					"request": {
						"auth": {
							"type": "basic",
							"basic": [
								{
									"key": "password",
									"value": "{{secret_key}}",
									"type": "string"
								},
								{
									"key": "username",
									"value": "{{access_key}}",
									"type": "string"
								}
							]
						},
						"method": "POST",
						"header": [],
						"body": {
							"mode": "raw",
							"raw": "{\n\t\"account_id\": \"2134f050-fb9c-4f00-9c13-049c251224e3\",\n\t\"business\": {\n\t\t\"name\": \"Test-business\",\n\t\t\"type\": \"goods\",\n\t\t\"incorporation_no\": \"123456\",\n\t\t\"address_line_1\": \"House 111\",\n\t\t\"address_line_2\": \"Ejipura\",\n\t\t\"city\": \"Bangalore\",\n\t\t\"state\": \"Karnataka\",\n\t\t\"country\": \"India\",\n\t\t\"zip_code\": \"100001\",\n\t\t\"entity_type\": \"Sole Proprietorship\",\n\t\t\"entity_name\": \"Sample Limited\",\n\t\t\"trading_name\": \"Sample Limited Org\",\n\t\t\"category\": [\n\t\t\t\"Industry_1\"\n\t\t],\n\t\t\"sub_category\": \"\",\n\t\t\"years_in_business\": \"< 1 year\",\n\t\t\"annual_turnover\": \"1112200\",\n\t\t\"website\": \"https://www.google.com/\",\n\t\t\"date_of_incorporation\": \"10-10-2021\",\n\t\t\"custom_attrs\": {\n\t\t\t\"custom_key\": \"custom_val\"\n\t\t}\n\t},\n\t\"representative\": {\n\t\t\"first_name\": \"SmNm\",\n\t\t\"last_name\": \"NmSm\",\n\t\t\"role\": \"Director\",\n\t\t\"role_name\": \"SomeRole\",\n\t\t\"dob\": \"10-01-1985\",\n\t\t\"address_line_1\": \"Ejipura\",\n\t\t\"address_line_2\": \"VGS Layout\",\n\t\t\"city\": \"Bangalore\",\n\t\t\"state\": \"Karnataka\",\n\t\t\"country\": \"India\",\n\t\t\"zip_code\": \"560049\",\n\t\t\"mobile_number\": \"9999999991\",\n\t\t\"nationality\": \"Indian\",\n\t\t\"ownership_percent\": 21.4,\n\t\t\"type\": \"Individual\",\n\t\t\"documents\": [{\n\t\t\t\"proof_type\": \"address\",\n\t\t\t\"type\": \"National ID\",\n\t\t\t\"name\": \"MyId\",\n\t\t\t\"url\": \"https://minutebag.com/wp-content/uploads/2019/03/images.jpg\",\n\t\t\t\"file_name\": \"MyId.jpg\",\n\t\t\t\"description\": \"Front Side of the ID\"\n\t\t}]\n\t},\n\t\"owner\": [{\n\t\t\"first_name\": \"SmNm2\",\n\t\t\"last_name\": \"NmSm2\",\n\t\t\"role\": \"Director\",\n\t\t\"role_name\": \"SomeRole2\",\n\t\t\"dob\": \"10-01-1983\",\n\t\t\"address_line_1\": \"Ejipura\",\n\t\t\"address_line_2\": \"VGS Layout\",\n\t\t\"city\": \"Bangalore\",\n\t\t\"state\": \"Karnataka\",\n\t\t\"country\": \"India\",\n\t\t\"zip_code\": \"560049\",\n\t\t\"mobile_number\": \"9999999992\",\n\t\t\"nationality\": \"Indian\",\n\t\t\"ownership_percent\": 23.2,\n\t\t\"type\": \"Individual\",\n\t\t\"documents\": [{\n\t\t\t\"proof_type\": \"address\",\n\t\t\t\"type\": \"National ID\",\n\t\t\t\"name\": \"MyId2\",\n\t\t\t\"url\": \"https://minutebag.com/wp-content/uploads/2019/03/images.jpg\",\n\t\t\t\"file_name\": \"MyId2.jpg\",\n\t\t\t\"description\": \"Front Side of the ID\"\n\t\t}]\n\t}]\n}",
							"options": {
								"raw": {
									"language": "json"
								}
							}
						},
						"url": {
							"raw": "{{url}}/v1/kyb",
							"host": [
								"{{url}}"
							],
							"path": [
								"v1",
								"kyb"
							]
						}
					},
					"response": []
				},
				{
					"name": "Update",
					"request": {
						"auth": {
							"type": "basic",
							"basic": [
								{
									"key": "password",
									"value": "{{secret_key}}",
									"type": "string"
								},
								{
									"key": "username",
									"value": "{{access_key}}",
									"type": "string"
								}
							]
						},
						"method": "PUT",
						"header": [],
						"body": {
							"mode": "raw",
							"raw": "{\n\t\"account_id\": \"2134f050-fb9c-4f00-9c13-049c251224e3\",\n\t\"business\": {\n\t\t\"name\": \"Test-business\",\n\t\t\"type\": \"goods\",\n\t\t\"incorporation_no\": \"123456\",\n\t\t\"address_line_1\": \"House 111\",\n\t\t\"address_line_2\": \"Ejipura\",\n\t\t\"city\": \"Bangalore\",\n\t\t\"state\": \"Karnataka\",\n\t\t\"country\": \"India\",\n\t\t\"zip_code\": \"100001\",\n\t\t\"entity_type\": \"Sole Proprietorship\",\n\t\t\"entity_name\": \"Sample Limited\",\n\t\t\"trading_name\": \"Sample Limited Org\",\n\t\t\"category\": [\n\t\t\t\"Industry_1\"\n\t\t],\n\t\t\"sub_category\": \"\",\n\t\t\"years_in_business\": \"< 1 year\",\n\t\t\"annual_turnover\": \"1112200\",\n\t\t\"website\": \"https://www.google.com/\",\n\t\t\"date_of_incorporation\": \"10-10-2021\",\n\t\t\"custom_attrs\": {\n\t\t\t\"custom_key\": \"custom_val\"\n\t\t}\n\t},\n\t\"representative\": {\n\t\t\"first_name\": \"SmNm\",\n\t\t\"last_name\": \"NmSm\",\n\t\t\"role\": \"Director\",\n\t\t\"role_name\": \"SomeRole\",\n\t\t\"dob\": \"10-01-1985\",\n\t\t\"address_line_1\": \"Ejipura\",\n\t\t\"address_line_2\": \"VGS Layout\",\n\t\t\"city\": \"Bangalore\",\n\t\t\"state\": \"Karnataka\",\n\t\t\"country\": \"India\",\n\t\t\"zip_code\": \"560049\",\n\t\t\"mobile_number\": \"9999999991\",\n\t\t\"nationality\": \"Indian\",\n\t\t\"ownership_percent\": 21.4,\n\t\t\"type\": \"Individual\",\n\t\t\"documents\": [{\n\t\t\t\"proof_type\": \"address\",\n\t\t\t\"type\": \"National ID\",\n\t\t\t\"name\": \"MyId\",\n\t\t\t\"url\": \"https://minutebag.com/wp-content/uploads/2019/03/images.jpg\",\n\t\t\t\"file_name\": \"MyId.jpg\",\n\t\t\t\"description\": \"Front Side of the ID\"\n\t\t}]\n\t},\n\t\"owner\": [{\n\t\t\"first_name\": \"SmNm2\",\n\t\t\"last_name\": \"NmSm2\",\n\t\t\"role\": \"Director\",\n\t\t\"role_name\": \"SomeRole2\",\n\t\t\"dob\": \"10-01-1983\",\n\t\t\"address_line_1\": \"Ejipura\",\n\t\t\"address_line_2\": \"VGS Layout\",\n\t\t\"city\": \"Bangalore\",\n\t\t\"state\": \"Karnataka\",\n\t\t\"country\": \"India\",\n\t\t\"zip_code\": \"560049\",\n\t\t\"mobile_number\": \"9999999992\",\n\t\t\"nationality\": \"Indian\",\n\t\t\"ownership_percent\": 23.2,\n\t\t\"type\": \"Individual\",\n\t\t\"documents\": [{\n\t\t\t\"proof_type\": \"address\",\n\t\t\t\"type\": \"National ID\",\n\t\t\t\"name\": \"MyId2\",\n\t\t\t\"url\": \"https://minutebag.com/wp-content/uploads/2019/03/images.jpg\",\n\t\t\t\"file_name\": \"MyId2.jpg\",\n\t\t\t\"description\": \"Front Side of the ID\"\n\t\t}]\n\t}]\n}",
							"options": {
								"raw": {
									"language": "json"
								}
							}
						},
						"url": {
							"raw": "{{url}}/v1/kyb/4768f4a3-db8e-4c63-be15-4aeada6fcc56",
							"host": [
								"{{url}}"
							],
							"path": [
								"v1",
								"kyb",
								"4768f4a3-db8e-4c63-be15-4aeada6fcc56"
							]
						}
					},
					"response": []
				},
				{
					"name": "Get by id",
					"request": {
						"auth": {
							"type": "basic",
							"basic": [
								{
									"key": "password",
									"value": "{{secret_key}}",
									"type": "string"
								},
								{
									"key": "username",
									"value": "{{access_key}}",
									"type": "string"
								}
							]
						},
						"method": "GET",
						"header": [],
						"url": {
							"raw": "{{url}}/v1/kyb/4768f4a3-db8e-4c63-be15-4aeada6fcc56",
							"host": [
								"{{url}}"
							],
							"path": [
								"v1",
								"kyb",
								"4768f4a3-db8e-4c63-be15-4aeada6fcc56"
							]
						}
					},
					"response": []
				}
			]
		},
		{
			"name": "KYB v2",
			"item": [
				{
					"name": "KYB status",
					"protocolProfileBehavior": {
						"disableBodyPruning": true
					},
					"request": {
						"auth": {
							"type": "basic",
							"basic": [
								{
									"key": "password",
									"value": "{{secret_key}}",
									"type": "string"
								},
								{
									"key": "username",
									"value": "{{access_key}}",
									"type": "string"
								}
							]
						},
						"method": "GET",
						"header": [],
						"body": {
							"mode": "raw",
							"raw": "",
							"options": {
								"raw": {
									"language": "json"
								}
							}
						},
						"url": {
							"raw": "{{url}}/v2/kyb/verified?account_id=78e2fde6-a3bb-410c-99b7-56773fea7da8",
							"host": [
								"{{url}}"
							],
							"path": [
								"v2",
								"kyb",
								"verified"
							],
							"query": [
								{
									"key": "account_id",
									"value": "78e2fde6-a3bb-410c-99b7-56773fea7da8"
								}
							]
						}
					},
					"response": []
				},
				{
					"name": "Create kyb",
					"request": {
						"auth": {
							"type": "basic",
							"basic": [
								{
									"key": "password",
									"value": "{{secret_key}}",
									"type": "string"
								},
								{
									"key": "username",
									"value": "{{access_key}}",
									"type": "string"
								}
							]
						},
						"method": "POST",
						"header": [],
						"body": {
							"mode": "raw",
							"raw": "{\n   \"account_id\":\"4d3ae668-e5be-4789-a571-b875298ce947\",\n   \"application_type\":\"Business\",\n   \"entity_name\":\"Company\",\n   \"submit\":false,\n   \"business\":{\n      \"name\":\"india mart api integration\",\n      \"type\":\"\",\n      \"incorporation_no\":\"GST-2344566\",\n      \"address_line_1\":\"Block.1, abc\",\n      \"address_line_2\":\"XYZ area\",\n      \"city\":\"Chennai\",\n      \"state\":\"TamilNadu\",\n      \"country\":\"India\",\n      \"zip_code\":\"600069\",\n      \"trading_name\":\"\",\n      \"category\":[\n         \n      ],\n      \"sub_category\":\"\",\n      \"years_in_business\":\"\",\n      \"annual_turnover\":\"\",\n      \"website\":\"\",\n      \"date_of_incorporation\":\"\",\n      \"custom_attrs\":{\n         \"transaction_id\":\"123\"\n      },\n      \"documents\":[\n         {\n            \"description\":\"Business Registration Proof\",\n            \"file_name\":\"busRegProof.png\",\n            \"name\":\"Business Registration Proof\",\n            \"proof_type\":\"Business\",\n            \"type\":\"Other\",\n            \"url\":\"https://i.pinimg.com/736x/53/af/1a/53af1ad615ee4f38e482d77b84eacb44.jpg\"\n         },\n         {\n            \"description\":\"Business Address Proof\",\n            \"file_name\":\"busAddressProof.png\",\n            \"name\":\"Business Address Proof\",\n            \"proof_type\":\"Address\",\n            \"tag\":\"addressProofDoc\",\n            \"type\":\"Other\",\n            \"url\":\"https://i.pinimg.com/736x/53/af/1a/53af1ad615ee4f38e482d77b84eacb44.jpg\"\n         }\n      ]\n   },\n   \"representative\":{\n      \"first_name\":\"Steve\",\n      \"last_name\":\"Rogers\",\n      \"roles\":[\"Director\"],\n      \"dob\":\"\",\n      \"address_line_1\":\"add 1\",\n      \"address_line_2\":\"add 2\",\n      \"city\":\"Chennai\",\n      \"state\":\"TamilNadu\",\n      \"country\":\"India\",\n      \"zip_code\":\"600069\",\n      \"contact_code\":\"+91\",\n      \"mobile_number\":\"9090929229\",\n      \"nationality\":\"\",\n      \"ownership_percent\":50,\n      \"documents\":[\n         {\n            \"proof_type\":\"Identity\",\n            \"type\":\"Passport\",\n            \"name\":\"Address proof\",\n            \"url\":\"https://i.pinimg.com/736x/53/af/1a/53af1ad615ee4f38e482d77b84eacb44.jpg\",\n            \"file_name\":\"passportback.jpg\",\n            \"description\":\"representative passport\",\n            \"tag\":\"identityProofTypeFrontDoc\"\n         },\n         {\n            \"proof_type\":\"identity\",\n            \"type\":\"Passport\",\n            \"name\":\"Address proof\",\n            \"url\":\"https://i.pinimg.com/736x/53/af/1a/53af1ad615ee4f38e482d77b84eacb44.jpg\",\n            \"file_name\":\"passportback.jpg\",\n            \"description\":\"representative passport\",\n            \"tag\":\"identityProofTypeBackDoc\"\n         }\n      ]\n   },\n   \"owner\":[\n      {\n         \"first_name\":\"Tony\",\n         \"last_name\":\"Stark\",\n         \"roles\":[\"Shareholder\"],\n         \"dob\":\"\",\n         \"address_line_1\":\"add 1\",\n         \"address_line_2\":\"add 2\",\n         \"city\":\"Chennai\",\n         \"state\":\"TamilNadu\",\n         \"country\":\"India\",\n         \"zip_code\":\"600069\",\n         \"contact_code\":\"+91\",\n         \"mobile_number\":\"9090929229\",\n         \"nationality\":\"\",\n         \"ownership_percent\":25,\n         \"documents\":[\n            {\n               \"proof_type\":\"Identity\",\n               \"type\":\"Passport\",\n               \"name\":\"Address proof\",\n               \"url\":\"https://i.pinimg.com/736x/53/af/1a/53af1ad615ee4f38e482d77b84eacb44.jpg\",\n               \"file_name\":\"passportfront.jpg\",\n               \"description\":\"representative passport\",\n               \"tag\":\"identityProofTypeFrontDoc\"\n            },\n            {\n               \"proof_type\":\"Identity\",\n               \"type\":\"Passport\",\n               \"name\":\"Address proof\",\n               \"url\":\"https://i.pinimg.com/736x/53/af/1a/53af1ad615ee4f38e482d77b84eacb44.jpg\",\n               \"file_name\":\"passportback.jpg\",\n               \"description\":\"representative passport\",\n               \"tag\":\"identityProofTypeBackDoc\"\n            }\n         ]\n      },\n      {\n         \"first_name\":\"Thor\",\n         \"last_name\":\"Odinson\",\n         \"roles\":[\"Shareholder\"],\n         \"dob\":\"\",\n         \"address_line_1\":\"add 1\",\n         \"address_line_2\":\"add 2\",\n         \"city\":\"Chennai\",\n         \"state\":\"TamilNadu\",\n         \"country\":\"India\",\n         \"zip_code\":\"600069\",\n         \"contact_code\":\"+91\",\n         \"mobile_number\":\"9090929229\",\n         \"nationality\":\"\",\n         \"ownership_percent\":25,\n         \"documents\":[\n            {\n               \"proof_type\":\"Identity\",\n               \"type\":\"Passport\",\n               \"name\":\"Address proof\",\n               \"url\":\"https://i.pinimg.com/736x/53/af/1a/53af1ad615ee4f38e482d77b84eacb44.jpg\",\n               \"file_name\":\"passportfront.jpg\",\n               \"description\":\"representative passport\"\n            },\n            {\n               \"proof_type\":\"Identity\",\n               \"type\":\"Passport\",\n               \"name\":\"Address proof\",\n               \"url\":\"https://i.pinimg.com/736x/53/af/1a/53af1ad615ee4f38e482d77b84eacb44.jpg\",\n               \"file_name\":\"passportback.jpg\",\n               \"description\":\"representative passport\",\n               \"tag\":\"identityProofTypeBackDoc\"\n            }\n         ]\n      }\n   ]\n}",
							"options": {
								"raw": {
									"language": "json"
								}
							}
						},
						"url": {
							"raw": "{{url}}/v2/kyb",
							"host": [
								"{{url}}"
							],
							"path": [
								"v2",
								"kyb"
							]
						}
					},
					"response": []
				},
				{
					"name": "Get Kyb",
					"request": {
						"auth": {
							"type": "basic",
							"basic": [
								{
									"key": "password",
									"value": "{{secret_key}}",
									"type": "string"
								},
								{
									"key": "username",
									"value": "{{access_key}}",
									"type": "string"
								}
							]
						},
						"method": "GET",
						"header": [],
						"url": {
							"raw": "{{url}}/v2/kyb/4768f4a3-db8e-4c63-be15-4aeada6fcc56",
							"host": [
								"{{url}}"
							],
							"path": [
								"v2",
								"kyb",
								"4768f4a3-db8e-4c63-be15-4aeada6fcc56"
							]
						}
					},
					"response": []
				},
				{
					"name": "Update kyb",
					"request": {
						"auth": {
							"type": "basic",
							"basic": [
								{
									"key": "password",
									"value": "{{secret_key}}",
									"type": "string"
								},
								{
									"key": "username",
									"value": "{{access_key}}",
									"type": "string"
								}
							]
						},
						"method": "PUT",
						"header": [],
						"body": {
							"mode": "raw",
							"raw": "{\n    \"account_id\": \"78e2fde6-a3bb-410c-99b7-56773fea7da8\",\n    \"application_state\": \"not_started\",\n    \"entity_name\": \"Company\",\n    \"application_type\": \"Business\",\n    \"business\": {\n        \"id\": \"f891cc0e-cfba-41c4-9e82-fdc702fd2564\",\n        \"name\": \"india mart api integration v2\",\n        \"type\": null,\n        \"same_operating_address\": false,\n        \"incorporation_no\": \"GST-2344566\",\n        \"address_line_1\": \"Block.1, abc\",\n        \"address_line_2\": \"XYZ area\",\n        \"city\": \"Chennai\",\n        \"state\": \"TamilNadu\",\n        \"country\": \"India\",\n        \"zip_code\": \"600069\",\n        \"entity_type\": \"\",\n        \"entity_name\": null,\n        \"trading_name\": \"\",\n        \"category\": null,\n        \"sub_category\": \"\",\n        \"years_in_business\": \"\",\n        \"annual_turnover\": \"\",\n        \"website\": \"\",\n        \"date_of_incorporation\": null,\n        \"custom_attrs\": {\n            \"transaction_id\": \"123\"\n        },\n        \"documents\": [\n            {\n                \"id\": \"438433c9-4ea9-40f9-a389-bea3bcf8f0f9\",\n                \"proof_type\": \"Business\",\n                \"type\": \"Other\",\n                \"tag\": \"\",\n                \"url\":\"https://i.pinimg.com/736x/53/af/1a/53af1ad615ee4f38e482d77b84eacb44.jpg\",\n                \"file_name\": \"busRegProof.png\",\n                \"name\": \"Business Registration Proof\",\n                \"description\": \"Business Registration Proof\"\n            },\n            {\n                \"id\": \"8166009f-c1d4-4a49-b37f-991dfaf97ab1\",\n                \"proof_type\": \"Address\",\n                \"type\": \"Other\",\n                \"tag\": \"addressProofDoc\",\n                \"url\":\"https://i.pinimg.com/736x/53/af/1a/53af1ad615ee4f38e482d77b84eacb44.jpg\",\n                \"file_name\": \"busAddressProof.png\",\n                \"name\": \"Business Address Proof\",\n                \"description\": \"Business Address Proof\"\n            }\n        ],\n        \"description\": \"\"\n    },\n    \"representative\": {\n        \"id\": \"ad44d3b3-b3a2-407f-9f98-d277b7e7142a\",\n        \"first_name\": \"Steve\",\n        \"last_name\": \"Rogers\",\n        \"same_operating_address\": false,\n        \"dob\": \"\",\n        \"address_line_1\": \"add 1\",\n        \"address_line_2\": \"add 2\",\n        \"city\": \"Chennai\",\n        \"state\": \"TamilNadu\",\n        \"country\": \"India\",\n        \"zip_code\": \"600069\",\n        \"mobile_number\": \"9090929229\",\n        \"nationality\": \"\",\n        \"ownership_percent\": 50,\n        \"ownership_status\": false,\n        \"type\": \"Representative\",\n        \"roles\": [],\n        \"documents\": [\n            {\n                \"id\": \"bcdae991-83be-4f75-a09b-e61df815eba2\",\n                \"proof_type\": \"Identity\",\n                \"type\": \"Passport\",\n                \"tag\": \"identityProofTypeFrontDoc\",\n                \"url\":\"https://i.pinimg.com/736x/53/af/1a/53af1ad615ee4f38e482d77b84eacb44.jpg\",\n                \"file_name\": \"passportback.jpg\",\n                \"name\": \"Address proof\",\n                \"description\": \"representative passport\"\n            },\n            {\n                \"id\": \"f6c3d79b-ef49-4eca-a634-a5f9e4c70edc\",\n                \"proof_type\": \"Identity\",\n                \"type\": \"Passport\",\n                \"tag\": \"identityProofTypeBackDoc\",\n                \"url\":\"https://i.pinimg.com/736x/53/af/1a/53af1ad615ee4f38e482d77b84eacb44.jpg\",\n                \"file_name\": \"passportback.jpg\",\n                \"name\": \"Address proof\",\n                \"description\": \"representative passport\"\n            }\n        ],\n        \"email\": \"\",\n        \"contact_code\": \"+91\",\n        \"website\": \"\"\n    }\n}",
							"options": {
								"raw": {
									"language": "json"
								}
							}
						},
						"url": {
							"raw": "{{url}}/v2/kyb/20c749d6-9341-4aa5-a363-80d17c15ee40",
							"host": [
								"{{url}}"
							],
							"path": [
								"v2",
								"kyb",
								"20c749d6-9341-4aa5-a363-80d17c15ee40"
							]
						}
					},
					"response": []
				}
			]
		},
		{
			"name": "Checkout",
			"item": [
				{
					"name": "/v1/checkout",
					"request": {
						"auth": {
							"type": "basic",
							"basic": [
								{
									"key": "password",
									"value": "{{secret_key}}",
									"type": "string"
								},
								{
									"key": "username",
									"value": "{{access_key}}",
									"type": "string"
								}
							]
						},
						"method": "POST",
						"header": [],
						"body": {
							"mode": "raw",
							"raw": "{\n    \"buyer\": {\n        \"email\": \"buyer@tazapay.com\",\n        \"contact_code\": \"+1\",\n        \"contact_number\": \"1111111111\",\n        \"country\": \"IN\",\n        \"ind_bus_type\": \"Business\",\n        \"business_name\": \"Test1234\"\n    },\n    \"seller\": {\n        \"email\": \"seller@tazapay.com\",\n        \"contact_code\": \"+1\",\n        \"contact_number\": \"1111111111\",\n        \"country\": \"IN\",\n        \"ind_bus_type\": \"Business\",\n        \"business_name\": \"Test1234\"\n    },\n    \"fee_paid_by\": \"buyer\",\n    \"fee_percentage\": 100,\n    \"invoice_currency\": \"USD\",\n    \"invoice_amount\": 2000,\n    \"txn_description\": \"test0101\",\n    \"callback_url\": \"https://webhook.site/d6aa32e4-2f79-4eaf-862d-fdf7db56d53d\",\n    \"complete_url\": \"https://googlecom\",\n    \"error_url\": \"https://google.com\",\n     \"txn_docs\": [\n        {\n            \"type\": \"Proforma Invoice\",\n            \"url\": \"https://image.shutterstock.com/image-vector/luxurious-nature-floral-leaf-ornament-600w-1938357313.jpg\",\n            \"name\": \"Screenshot from 2022-01-17 20-41-22.png\"\n        }\n    ],\n    \"attributes\": {\n        \"doc_url\": \"https://media.istockphoto.com/photos/historic-buildings-of-wall-street-in-the-financial-district-of-lower-picture-id1337246025?s=612x612\"\n    }\n}",
							"options": {
								"raw": {
									"language": "json"
								}
							}
						},
						"url": {
							"raw": "{{url}}/v1/checkout",
							"host": [
								"{{url}}"
							],
							"path": [
								"v1",
								"checkout"
							]
						}
					},
					"response": []
				},
				{
					"name": "/v1/checkout",
					"request": {
						"auth": {
							"type": "basic",
							"basic": [
								{
									"key": "password",
									"value": "{{secret_key}}",
									"type": "string"
								},
								{
									"key": "username",
									"value": "{{access_key}}",
									"type": "string"
								}
							]
						},
						"method": "GET",
						"header": [],
						"url": {
							"raw": "{{url}}/v1/checkout/2208-779557",
							"host": [
								"{{url}}"
							],
							"path": [
								"v1",
								"checkout",
								"2208-779557"
							]
						}
					},
					"response": []
				}
			]
		}
	],
	"event": [
		{
			"listen": "prerequest",
			"script": {
				"type": "text/javascript",
				"exec": [
					"var timestamp = (Math.floor(new Date().getTime() / 1000) - 10).toString();",
					"postman.setGlobalVariable(\"request_timestamp\", timestamp);",
					"var signature_salt = CryptoJS.lib.WordArray.random(12).toString();",
					"pm.globals.set(\"tazapay_salt\", signature_salt);",
					"pathname=pm.request.url.getPath();",
					"console.log(pathname)",
					"pathname = pathname.replace(\"/staging\", \"\");",
					"pathname = pathname.replace(\"/dev\", \"\");",
					"pathname = pathname.replace(\"/prod\", \"\");",
					"pathname = pathname.replace(\"/sandbox\", \"\");",
					"var to_sign = request.method.toUpperCase() + pathname + signature_salt + timestamp + pm.environment.get('access_key') + pm.environment.get('secret_key');",
					"var signature = CryptoJS.enc.Base64.stringify(CryptoJS.enc.Utf8.parse(CryptoJS.enc.Hex.stringify(CryptoJS.HmacSHA256(to_sign, pm.environment.get('secret_key')))));",
					"pm.globals.set(\"tazapay_signature\", signature);"
				]
			}
		},
		{
			"listen": "test",
			"script": {
				"type": "text/javascript",
				"exec": [
					""
				]
			}
		}
	]
}